{"cameraMode":{"drawMode":0,"name":"Shaded","section":"Shading Mode"},"sceneLighting":true,"audioPlay":false,"sceneViewState":{"showFog":true,"showMaterialUpdate":false,"showSkybox":true,"showFlares":true,"showImageEffects":true,"showParticleSystems":true,"showVisualEffectGraphs":true,"m_FxEnabled":true},"in2DMode":false,"pivot":{"x":18.28533935546875,"y":-13.389715194702149,"z":11.911468505859375},"rotation":{"x":0.10213082283735275,"y":0.0014872695319354535,"z":-0.0001526130799902603,"w":0.9947678446769714},"size":39.15133285522461,"orthographic":false}